share_f,rho,retained_fraction
0.2,0.001,0.9375781054736316
0.2,0.001122018454301963,0.9375876331102506
0.2,0.0012589254117941675,0.9375983226025907
0.2,0.001412537544622754,0.9376103155394633
0.2,0.001584893192461114,0.9376237707398102
0.2,0.0017782794100389228,0.9376388663431195
0.2,0.001995262314968879,0.9376558021518163
0.2,0.00223872113856834,0.9376748022555745
0.2,0.0025118864315095794,0.9376961179709442
0.2,0.002818382931264455,0.9377200311335073
0.2,0.0031622776601683794,0.9377468577839867
0.2,0.0035481338923357532,0.9377769522943832
0.2,0.003981071705534973,0.9378107119853216
0.2,0.0044668359215096305,0.9378485822913929
0.2,0.005011872336272725,0.937891062537393
0.2,0.005623413251903491,0.9379387123950309
0.2,0.00630957344480193,0.937992159096883
0.2,0.00707945784384138,0.9380521054921608
0.2,0.007943282347242814,0.9381193390371682
0.2,0.008912509381337459,0.9381947418221651
0.2,0.01,0.938279301745636
0.2,0.011220184543019636,0.9383741249565918
0.2,0.012589254117941675,0.9384804496953729
0.2,0.01412537544622754,0.938599661673237
0.2,0.015848931924611134,0.9387333111405332
0.2,0.01778279410038923,0.9388831318020803
0.2,0.0199526231496888,0.9390510617459449
0.2,0.0223872113856834,0.9392392665574869
0.2,0.025118864315095794,0.9394501647934074
0.2,0.028183829312644536,0.9396864559894488
0.2,0.03162277660168379,0.9399511513689672
0.2,0.03548133892335755,0.9402476074059873
0.2,0.039810717055349734,0.9405795623733739
0.2,0.0446683592150963,0.9409511759716751
0.2,0.05011872336272722,0.9413670720837163
0.2,0.05623413251903491,0.941832384630195
0.2,0.06309573444801933,0.9423528064076454
0.2,0.0707945784384138,0.9429346406667592
0.2,0.07943282347242814,0.9435848550299217
0.2,0.08912509381337455,0.9443111371449158
0.2,0.1,0.9451219512195121
0.2,0.1122018454301963,0.9460265942711205
0.2,0.12589254117941676,0.9470352505490416
0.2,0.1412537544622754,0.9481590421371542
0.2,0.15848931924611143,0.9494100732170184
0.2,0.1778279410038923,0.9508014648636687
0.2,0.1995262314968879,0.9523473765624159
0.2,0.223872113856834,0.954063009886296
0.2,0.25118864315095796,0.9559645889829281
0.2,0.2818382931264455,0.9580693117237515
0.2,0.31622776601683794,0.9603952646239652
0.2,0.3548133892335753,0.9629612940268852
0.2,0.3981071705534973,0.9657868256669406
0.2,0.44668359215096304,0.968891624714106
0.2,0.5011872336272725,0.9722954889186669
0.2,0.5623413251903491,0.9760178686986233
0.2,0.630957344480193,0.9800774101299118
0.2,0.707945784384138,0.9844914199848807
0.2,0.7943282347242814,0.9892752563442527
0.2,0.8912509381337459,0.9944416539223939
0.2,1.0,1.0
0.5,0.001,0.7504995004995006
0.5,0.001122018454301963,0.7505603804699224
0.5,0.0012589254117941675,0.7506286712556779
0.5,0.001412537544622754,0.7507052725483576
0.5,0.001584893192461114,0.7507911926404008
0.5,0.0017782794100389228,0.7508875613729049
0.5,0.001995262314968879,0.7509956445853643
0.5,0.00223872113856834,0.751116860230677
0.5,0.0025118864315095794,0.7512527963336428
0.5,0.002818382931264455,0.7514052309866052
0.5,0.0031622776601683794,0.7515761545916303
0.5,0.0035481338923357532,0.7517677945743241
0.5,0.003981071705534973,0.751982642809576
0.5,0.0044668359215096305,0.7522234860135585
0.5,0.005011872336272725,0.7524934393683441
0.5,0.005623413251903491,0.7527959836544175
0.5,0.00630957344480193,0.7531350061707172
0.5,0.00707945784384138,0.7535148457198197
0.5,0.007943282347242814,0.7539403419251652
0.5,0.008912509381337459,0.7544168891249069
0.5,0.01,0.7549504950495051
0.5,0.011220184543019636,0.755547844433154
0.5,0.012589254117941675,0.7562163676272213
0.5,0.01412537544622754,0.7569643141707267
0.5,0.015848931924611134,0.7578008311209148
0.5,0.01778279410038923,0.7587360457474168
0.5,0.0199526231496888,0.7597811519362898
0.5,0.0223872113856834,0.7609484993241168
0.5,0.025118864315095794,0.7622516837751682
0.5,0.028183829312644536,0.7637056373136533
0.5,0.03162277660168379,0.7653267150158578
0.5,0.03548133892335755,0.7671327756424126
0.5,0.039810717055349734,0.7691432519411275
0.5,0.0446683592150963,0.771379205573268
0.5,0.05011872336272722,0.7738633605171021
0.5,0.05623413251903491,0.7766201076010112
0.5,0.06309573444801933,0.7796754715513837
0.5,0.0707945784384138,0.7830570306685978
0.5,0.07943282347242814,0.7867937780587869
0.5,0.08912509381337455,0.7909159123775761
0.5,0.1,0.7954545454545455
0.5,0.1122018454301963,0.8004413141783617
0.5,0.12589254117941676,0.8059078848890586
0.5,0.1412537544622754,0.8118853405344678
0.5,0.15848931924611143,0.8184034443016052
0.5,0.1778279410038923,0.8254897786056616
0.5,0.1995262314968879,0.8331687654082809
0.5,0.223872113856834,0.8414605829000129
0.5,0.25118864315095796,0.8503800044565509
0.5,0.2818382931264455,0.8599351980034209
0.5,0.31622776601683794,0.8701265366760211
0.5,0.3548133892335753,0.8809454837297906
0.5,0.3981071705534973,0.8923736244754007
0.5,0.44668359215096304,0.9043819237926185
0.5,0.5011872336272725,0.9169302877084391
0.5,0.5623413251903491,0.9299675000985576
0.5,0.630957344480193,0.9434315899234283
0.5,0.707945784384138,0.9572506606640953
0.5,0.7943282347242814,0.9713441831188536
0.5,0.8912509381337459,0.9856247180538656
0.5,1.0,1.0
0.8,0.001,0.004980079681274901
0.8,0.001122018454301963,0.005585026261377708
0.8,0.0012589254117941675,0.0062630880163305905
0.8,0.001412537544622754,0.007023006680663476
0.8,0.001584893192461114,0.007874544713067685
0.8,0.0017782794100389228,0.008828598192652614
0.8,0.001995262314968879,0.00989732057181992
0.8,0.00223872113856834,0.011094257894183949
0.8,0.0025118864315095794,0.012434495990503077
0.8,0.002818382931264455,0.013934820020735542
0.8,0.0031622776601683794,0.015613886522685529
0.8,0.0035481338923357532,0.017492407841199095
0.8,0.003981071705534973,0.019593348427509094
0.8,0.0044668359215096305,0.021942131994006814
0.8,0.005011872336272725,0.024566857860169516
0.8,0.005623413251903491,0.02749852400238624
0.8,0.00630957344480193,0.03077125329343552
0.8,0.00707945784384138,0.03442251815458977
0.8,0.007943282347242814,0.03849335731367091
0.8,0.008912509381337459,0.04302857653842988
0.8,0.01,0.04807692307692308
0.8,0.011220184543019636,0.053691221079681814
0.8,0.012589254117941675,0.05992845251907769
0.8,0.01412537544622754,0.0668497651085369
0.8,0.015848931924611134,0.07452038555258116
0.8,0.01778279410038923,0.08300941328274172
0.8,0.0199526231496888,0.09238946688538505
0.8,0.0223872113856834,0.1027361530291546
0.8,0.025118864315095794,0.11412732628144577
0.8,0.028183829312644536,0.12664210830605727
0.8,0.03162277660168379,0.14035963720367783
0.8,0.03548133892335755,0.1553575229171246
0.8,0.039810717055349734,0.17170999342195847
0.8,0.0446683592150963,0.1894857295421824
0.8,0.05011872336272722,0.20874540415691223
0.8,0.05623413251903491,0.22953896442103625
0.8,0.06309573444801933,0.2519027229772696
0.8,0.0707945784384138,0.27585635480122744
0.8,0.07943282347242814,0.3013999281976386
0.8,0.08912509381337455,0.3285111284864893
0.8,0.1,0.35714285714285726
0.8,0.1122018454301963,0.3872214030857965
0.8,0.12589254117941676,0.41864538195015416
0.8,0.1412537544622754,0.4512856197904392
0.8,0.15848931924611143,0.4849861176866627
0.8,0.1778279410038923,0.5195661735726679
0.8,0.1995262314968879,0.5548236607696976
0.8,0.223872113856834,0.5905393757894513
0.8,0.25118864315095796,0.6264822801344383
0.8,0.2818382931264455,0.6624153825724945
0.8,0.31622776601683794,0.6981019498596839
0.8,0.3548133892335753,0.7333117031420177
0.8,0.3981071705534973,0.7678266586170952
0.8,0.44668359215096304,0.8014463042897602
0.8,0.5011872336272725,0.83399186512925
0.8,0.5623413251903491,0.8653094883769767
0.8,0.630957344480193,0.8952722689037913
0.8,0.707945784384138,0.9237811209212577
0.8,0.7943282347242814,0.9507645780232067
0.8,0.8912509381337459,0.9761776621090695
0.8,1.0,1.0
